Rank,Ring ID,RSU
1,RLFFRLFBLRBF,0.2528234826446794
2,RLFFRLFFRLFF,0.2730399143564739
3,RLFFRLFFLRFF,0.3029129929379826
4,RRFFRLFFLRFB,0.3305137161743901
5,RRFFLRFFLRFB,0.3634236070206907
